-- phpMyAdmin SQL Dump
-- version 4.5.1
-- http://www.phpmyadmin.net
--
-- Host: 127.0.0.1
-- Generation Time: Mar 22, 2017 at 04:37 PM
-- Server version: 10.1.9-MariaDB
-- PHP Version: 5.6.15

SET SQL_MODE = "NO_AUTO_VALUE_ON_ZERO";
SET time_zone = "+00:00";


/*!40101 SET @OLD_CHARACTER_SET_CLIENT=@@CHARACTER_SET_CLIENT */;
/*!40101 SET @OLD_CHARACTER_SET_RESULTS=@@CHARACTER_SET_RESULTS */;
/*!40101 SET @OLD_COLLATION_CONNECTION=@@COLLATION_CONNECTION */;
/*!40101 SET NAMES utf8mb4 */;

--
-- Database: `expensetracker`
--

-- --------------------------------------------------------

--
-- Table structure for table `categories`
--

CREATE TABLE `categories` (
  `ID` int(11) NOT NULL,
  `OwnerID` int(11) NOT NULL,
  `CategoryName` varchar(50) COLLATE utf8_unicode_ci NOT NULL
) ENGINE=InnoDB DEFAULT CHARSET=utf8 COLLATE=utf8_unicode_ci;

--
-- Dumping data for table `categories`
--

INSERT INTO `categories` (`ID`, `OwnerID`, `CategoryName`) VALUES
(27, 8, 'pas'),
(29, 8, 'hrana'),
(30, 8, 'slatkiši/grickalice'),
(31, 8, 'sokovi/mineralna'),
(32, 8, 'piće'),
(33, 8, 'kućne potrepštine'),
(34, 8, 'kava/začini itd'),
(35, 8, 'mjesečna'),
(36, 8, 'odjeća'),
(37, 8, 'razno'),
(38, 8, 'pokloni'),
(40, 8, 'vrećice po trgovinama'),
(41, 8, 'žvakaće'),
(42, 8, 'kozmetika i drugo'),
(43, 10, 'režije'),
(44, 10, 'hrana'),
(45, 10, 'dostava'),
(46, 10, 'izlazak'),
(47, 10, 'gorivo'),
(48, 10, 'stanarina'),
(49, 8, 'bon'),
(52, 8, 'mačke'),
(55, 8, 'režije'),
(58, 8, 'auto'),
(59, 8, 'obuća');

-- --------------------------------------------------------

--
-- Table structure for table `records`
--

CREATE TABLE `records` (
  `ExpenseID` int(11) NOT NULL,
  `UserID` int(11) NOT NULL,
  `CategoryID` int(11) NOT NULL,
  `Name` varchar(60) NOT NULL,
  `Amount` decimal(10,2) NOT NULL,
  `Date` date NOT NULL
) ENGINE=InnoDB DEFAULT CHARSET=utf8;

--
-- Dumping data for table `records`
--

INSERT INTO `records` (`ExpenseID`, `UserID`, `CategoryID`, `Name`, `Amount`, `Date`) VALUES
(14, 8, 27, 'veterinar', '239.52', '2016-06-15'),
(15, 8, 27, 'veterinar', '85.16', '2016-06-18'),
(16, 8, 27, 'veterinar', '81.60', '2016-06-27'),
(18, 8, 29, 'bogojevo', '36.57', '2016-06-25'),
(19, 8, 30, 'bogojevo', '73.14', '2016-06-25'),
(20, 8, 31, 'bogojevo', '96.28', '2016-06-25'),
(21, 8, 32, 'bogojevo', '90.76', '2016-06-25'),
(22, 8, 37, 'baterije', '13.00', '2016-08-03'),
(23, 8, 34, 'bogojevo', '86.59', '2016-06-25'),
(24, 8, 35, 'panturist', '114.00', '2016-06-01'),
(25, 8, 35, 'gpp', '84.00', '2016-06-01'),
(26, 8, 36, 'kik', '114.90', '2016-06-12'),
(27, 8, 37, 'bagat/škare', '28.55', '2016-06-27'),
(28, 8, 38, 'plodine', '42.47', '2016-06-19'),
(29, 8, 33, 'plodine', '38.18', '2016-06-19'),
(30, 8, 30, 'plodine', '13.98', '2016-06-19'),
(31, 8, 29, 'plodine', '4.61', '2016-06-19'),
(32, 8, 29, 'konzum', '33.67', '2016-07-01'),
(33, 8, 40, 'konzum', '0.90', '2016-07-01'),
(34, 8, 31, 'konzum', '17.57', '2016-06-12'),
(35, 8, 30, 'konzum', '6.99', '2016-06-12'),
(36, 8, 41, 'konzum', '4.49', '2016-06-12'),
(37, 8, 36, 'zara', '349.90', '2016-06-13'),
(38, 8, 37, 'lidl/pegla', '129.00', '2016-06-10'),
(39, 8, 33, 'konzum', '5.99', '2016-06-13'),
(40, 8, 42, 'konzum', '58.96', '2016-06-13'),
(41, 8, 31, 'konzum', '13.48', '2016-06-13'),
(42, 8, 30, 'lidil', '43.90', '2016-06-28'),
(43, 8, 40, 'lidil', '0.70', '2016-06-28'),
(44, 8, 29, 'lidil', '71.41', '2016-06-28'),
(45, 8, 38, 'lidil', '39.99', '2016-06-28'),
(46, 8, 27, 'hrana', '4.99', '2016-06-28'),
(47, 8, 37, 'bogojevo/ljekarna', '149.79', '2016-06-25'),
(48, 8, 42, 'muller', '39.90', '2016-06-10'),
(49, 8, 37, 'baterije', '13.00', '2016-08-03'),
(50, 8, 27, 'keksići', '6.99', '2016-06-26'),
(51, 8, 29, 'plodine', '12.98', '2016-06-26'),
(52, 8, 38, 'offertissima', '14.00', '2016-07-02'),
(53, 8, 37, 'offertissima', '4.00', '2016-07-02'),
(54, 8, 40, 'offertissima', '0.50', '2016-07-02'),
(56, 10, 45, 'pizza', '35.00', '2016-06-09'),
(57, 10, 43, 'režije 6.mj', '800.00', '2016-06-17'),
(58, 10, 46, 'obp', '45.00', '2016-06-04'),
(59, 10, 44, 'konzum', '60.00', '2016-06-13'),
(60, 10, 44, 'kaufland', '105.00', '2016-06-23'),
(61, 10, 45, 'pizza', '35.00', '2016-06-25'),
(62, 10, 46, 'kino', '60.00', '2016-06-22'),
(63, 10, 47, 'ina', '250.00', '2016-06-27'),
(64, 10, 47, 'ina', '200.00', '2016-06-06'),
(65, 10, 44, 'konzum', '50.00', '2016-06-06'),
(66, 10, 48, 'stanarina 6.mj', '1000.00', '2016-06-17'),
(67, 10, 44, 'billa', '500.00', '2016-06-21'),
(68, 8, 34, 'sol', '3.76', '2016-08-31'),
(69, 8, 34, 'vinobran', '3.72', '2016-08-31'),
(70, 8, 34, 'ocat', '4.98', '2016-08-31'),
(71, 8, 32, 'plodine', '33.97', '2016-09-01'),
(72, 8, 34, 'brašno', '13.29', '2016-09-01'),
(73, 8, 29, 'plodine', '63.55', '2016-09-01'),
(74, 8, 37, 'kanta,patike', '87.98', '2016-09-01'),
(75, 8, 36, 'takko/haljina', '55.96', '2016-08-16'),
(76, 8, 38, 'offertisima', '25.50', '2016-08-28'),
(77, 8, 29, 'pekara', '4.00', '2016-08-22'),
(78, 8, 29, 'konzum', '8.24', '2016-08-14'),
(79, 8, 37, 'offertisima/papuče', '13.00', '2016-08-26'),
(80, 8, 49, 'tomato', '55.00', '2016-08-15'),
(81, 8, 49, 'tomato', '55.00', '2016-08-15'),
(82, 8, 36, 'h&amp;m', '35.00', '2016-07-07'),
(83, 8, 37, 'baterije', '13.00', '2016-08-03'),
(84, 8, 27, 'ampula', '65.75', '2016-07-08'),
(85, 8, 29, 'meso', '10.08', '2016-07-05'),
(86, 8, 42, 'bipa', '76.09', '2016-07-02'),
(87, 8, 30, 'keks', '11.99', '2016-08-06'),
(88, 8, 34, 'kava', '32.99', '2016-08-06'),
(89, 8, 35, 'studentska', '84.00', '2016-07-04'),
(90, 8, 29, 'voće', '26.54', '2016-07-07'),
(91, 8, 30, 'čoko bananice', '0.99', '2016-07-07'),
(92, 8, 29, 'voće', '8.97', '2016-08-10'),
(93, 8, 32, 'sok/cola', '5.99', '2016-08-10'),
(94, 8, 37, 'offertisima', '27.00', '2016-07-17'),
(95, 8, 42, 'muller', '40.40', '2016-07-17'),
(96, 8, 42, 'dm', '42.40', '2016-07-17'),
(97, 8, 32, 'konzum', '6.50', '2016-07-17'),
(98, 8, 37, 'vrećice za usisavač', '39.99', '2016-08-16'),
(99, 8, 42, 'muller', '23.90', '2016-08-16'),
(100, 8, 42, 'muller', '133.80', '2016-08-16'),
(101, 8, 27, 'bone', '15.00', '2016-08-16'),
(102, 8, 49, 'tomato', '55.00', '2016-08-15'),
(103, 8, 29, 'bogojevo', '41.33', '2016-07-11'),
(104, 8, 41, 'bogojevo', '2.92', '2016-07-11'),
(105, 8, 29, 'meso', '9.60', '2016-08-19'),
(106, 8, 36, 'c&amp;a/hlače/majica', '258.90', '2016-07-14'),
(108, 8, 32, 'konzum', '6.50', '2016-07-17'),
(109, 8, 29, 'konzum', '7.50', '2016-07-18'),
(110, 8, 29, 'konzum', '10.98', '2016-08-15'),
(111, 8, 32, 'konzum/sokovi', '38.95', '2016-08-15'),
(112, 8, 40, 'konzum', '1.00', '2016-08-15'),
(113, 8, 33, 'konzum', '20.99', '2016-08-15'),
(114, 8, 33, 'bogojevo', '22.98', '2016-07-11'),
(115, 8, 32, 'bogojevo', '21.05', '2016-07-11'),
(116, 8, 31, 'bogojevo', '62.67', '2016-07-11'),
(117, 8, 34, 'konzum/brašno', '5.78', '2016-07-25'),
(118, 8, 59, 'konzum/tenisice', '79.90', '2016-07-25'),
(119, 8, 40, 'konzum', '0.90', '2016-07-25'),
(120, 8, 30, 'konzum', '6.99', '2016-07-25'),
(121, 8, 29, 'konzum', '60.78', '2016-07-25'),
(122, 8, 29, 'konzum', '45.46', '2016-08-26'),
(123, 8, 42, 'konzum', '16.99', '2016-08-26'),
(124, 8, 40, 'konzum', '0.30', '2016-08-26'),
(125, 8, 31, 'konzum', '46.53', '2016-08-26'),
(126, 8, 42, 'dm', '190.64', '2016-07-25'),
(127, 8, 31, 'dm', '5.90', '2016-07-25'),
(128, 8, 34, 'kava', '31.99', '2016-08-23'),
(129, 8, 27, 'hrana', '9.49', '2016-08-23'),
(130, 8, 41, 'plodine', '4.25', '2016-08-23'),
(131, 8, 33, 'plodine', '35.97', '2016-08-23'),
(132, 8, 29, 'špar', '31.32', '2016-08-08'),
(133, 8, 29, 'špar', '31.32', '2016-08-08'),
(134, 8, 30, 'špar', '5.49', '2016-08-08'),
(135, 8, 42, 'špar', '26.99', '2016-08-08'),
(136, 8, 37, 'kaufland', '65.96', '2016-07-21'),
(137, 8, 33, 'kaufland', '25.97', '2016-07-21'),
(138, 8, 30, 'kaufland', '32.97', '2016-07-21'),
(139, 8, 30, 'lidl', '45.76', '2016-07-11'),
(140, 8, 40, 'lidl', '1.00', '2016-07-11'),
(142, 8, 41, 'lidl', '11.97', '2016-07-11'),
(143, 8, 31, 'lidl', '6.49', '2016-07-11'),
(144, 8, 32, 'lidl', '18.76', '2016-07-11'),
(145, 8, 40, 'konzum', '0.90', '2016-07-17'),
(146, 8, 30, 'konzum', '14.49', '2016-07-17'),
(147, 8, 29, 'konzum', '22.95', '2016-07-17'),
(148, 8, 27, 'keksići', '18.98', '2016-07-17'),
(149, 8, 27, 'keksići', '18.98', '2016-07-17'),
(150, 8, 49, 'tomato', '55.00', '2016-07-17'),
(151, 8, 49, 'tomato', '22.00', '2016-07-17'),
(152, 8, 30, 'konzum', '14.99', '2016-07-22'),
(153, 8, 31, 'konzum', '18.97', '2016-07-22'),
(154, 8, 32, 'konzum', '12.58', '2016-07-22'),
(155, 8, 30, 'konzum', '14.97', '2016-07-01'),
(156, 8, 31, 'konzum', '5.99', '2016-07-01'),
(157, 8, 34, 'konzum/kava', '44.99', '2016-07-01'),
(158, 8, 41, 'plodine', '8.24', '2016-07-02'),
(159, 8, 27, 'grickalice', '4.99', '2016-07-02'),
(160, 8, 27, 'hrana', '10.99', '2016-07-02'),
(161, 8, 42, 'plodine', '12.69', '2016-07-02'),
(162, 8, 37, 'plodine/zdjela', '9.99', '2016-07-02'),
(163, 8, 29, 'konzum', '25.48', '2016-07-02'),
(164, 8, 40, 'konzum', '0.90', '2016-07-02'),
(165, 8, 34, 'konzum/cedevita', '39.99', '2016-07-02'),
(166, 8, 27, 'keksići', '19.98', '2016-09-05'),
(167, 8, 29, 'konzum', '43.35', '2016-09-05'),
(168, 8, 29, 'lidl', '17.98', '2016-09-05'),
(169, 8, 35, 'gpp', '84.00', '2016-09-05'),
(170, 8, 40, 'konzum', '0.90', '2016-09-05'),
(171, 8, 40, 'ravlić', '0.50', '2016-09-03'),
(172, 8, 29, 'ravlić', '13.42', '2016-09-03'),
(173, 8, 40, 'lidl', '1.00', '2016-09-03'),
(174, 8, 34, 'lidl', '24.99', '2016-09-03'),
(175, 8, 37, 'lidl/šumeće tablete', '5.99', '2016-09-03'),
(176, 8, 29, 'lidl', '62.14', '2016-09-03'),
(177, 8, 37, 'ljekarna/lekadol', '23.98', '2016-08-26'),
(178, 8, 29, 'plodine', '17.94', '2016-08-30'),
(180, 8, 31, 'konzum', '49.12', '2016-08-27'),
(181, 8, 37, 'konzum/ugalj', '17.99', '2016-08-27'),
(182, 8, 52, 'hrana', '17.99', '2016-09-03'),
(183, 8, 29, 'špar', '41.17', '2016-09-01'),
(184, 8, 37, 'špar/guma,baterije', '38.98', '2016-09-01'),
(185, 8, 29, 'pekara', '4.00', '2016-09-02'),
(186, 8, 27, 'cjepivo', '150.00', '2016-09-05'),
(187, 8, 55, 'HT', '14.53', '2016-06-17'),
(188, 8, 55, 'otplata stana', '153.30', '2016-06-17'),
(189, 8, 55, 'b.net', '207.36', '2016-06-17'),
(190, 8, 55, 'voda', '197.72', '2016-06-17'),
(191, 8, 55, 'struja', '174.58', '2016-06-17'),
(192, 8, 55, 'pričuva', '125.64', '2016-06-17'),
(193, 8, 55, 'hrt', '80.00', '2016-06-17'),
(194, 8, 55, 'struja/rwe', '258.02', '2016-06-17'),
(195, 8, 55, 'unikom', '49.72', '2016-06-17'),
(196, 8, 55, 'komunalna naknada', '40.99', '2016-06-17'),
(197, 8, 55, 'struja/hep', '174.58', '2016-07-19'),
(198, 8, 55, 'unikom', '49.72', '2016-07-19'),
(199, 8, 55, 'komunalna naknada', '40.99', '2016-07-19'),
(200, 8, 55, 'b.net', '230.89', '2016-07-19'),
(201, 8, 55, 'voda', '203.30', '2016-07-19'),
(202, 8, 55, 'oiplata stana', '154.08', '2016-07-19'),
(203, 8, 55, 'hrt', '80.00', '2016-07-19'),
(204, 8, 55, 'struja/rwe', '258.02', '2016-07-19'),
(205, 8, 55, 'glorija', '136.50', '2016-07-14'),
(206, 8, 55, 'komunalna naknada', '40.99', '2016-08-19'),
(207, 8, 55, 'struja/hep', '174.58', '2016-08-19'),
(208, 8, 55, 'struja/rwe', '258.02', '2016-08-19'),
(209, 8, 55, 'hrt', '80.00', '2016-08-19'),
(210, 8, 55, 'b.net', '247.28', '2016-08-19'),
(211, 8, 55, 'unikom', '50.04', '2016-08-19'),
(212, 8, 55, 'voda', '193.04', '2016-08-19'),
(213, 8, 55, 'otplata stana', '153.21', '2016-08-19'),
(214, 8, 55, 'pričuva', '125.64', '2016-08-19'),
(216, 8, 37, 'ina/plin', '88.99', '2016-07-07'),
(217, 8, 38, 'vodena kugla', '45.00', '2016-09-16'),
(218, 8, 42, 'kozmo', '31.98', '2016-09-14'),
(219, 8, 42, 'bipa', '39.80', '2016-09-14'),
(220, 8, 29, 's market', '32.24', '2016-09-10'),
(221, 8, 37, 'uže/nosači', '14.40', '2016-09-08'),
(222, 8, 29, 'pekara', '2.50', '2016-09-07'),
(223, 8, 49, 'tomato', '22.00', '2016-09-14'),
(224, 8, 37, 'offertisima', '12.00', '2016-09-08'),
(225, 8, 49, 'tomato', '55.00', '2016-09-15'),
(226, 8, 59, 'konzum/tenisice', '79.90', '2016-07-25'),
(227, 8, 37, 'migles doo', '34.20', '2016-08-11'),
(228, 8, 29, 'lidl', '8.99', '2016-08-08'),
(229, 8, 31, 'lidl', '3.98', '2016-08-08'),
(230, 8, 41, 'lidl', '4.25', '2016-08-08'),
(231, 8, 33, 'lidl', '68.88', '2016-08-08'),
(232, 8, 30, 'lidl', '36.96', '2016-08-08'),
(233, 8, 29, 'kaufland', '16.98', '2016-07-17'),
(234, 8, 30, 'kaufland', '15.87', '2016-07-17'),
(235, 8, 33, 'kaufland', '81.04', '2016-07-17'),
(236, 8, 34, 'kaufland/šećer', '44.40', '2016-07-17'),
(237, 8, 31, 'konzum', '5.99', '2016-09-16'),
(238, 8, 41, 'konzum', '6.99', '2016-09-16'),
(239, 8, 34, 'konzum/šećer/kokos', '19.47', '2016-09-16'),
(240, 8, 40, 'konzum', '1.00', '2016-09-16'),
(241, 8, 30, 'konzum', '9.48', '2016-09-16'),
(242, 8, 29, 'konzum', '45.94', '2016-09-16'),
(243, 8, 29, 'billa', '19.76', '2016-08-23'),
(244, 8, 31, 'billa', '31.96', '2016-08-23'),
(245, 8, 33, 'billa', '18.99', '2016-08-23'),
(246, 8, 40, 'billa', '0.99', '2016-08-23'),
(247, 8, 27, 'hrana', '49.97', '2016-08-23'),
(248, 8, 58, 'gorivo', '220.52', '2016-06-22'),
(249, 8, 58, 'gorivo', '256.56', '2016-06-08'),
(250, 8, 58, 'gorivo', '300.07', '2016-08-25'),
(251, 8, 58, 'gorivo', '200.07', '2016-07-07');

-- --------------------------------------------------------

--
-- Table structure for table `users`
--

CREATE TABLE `users` (
  `ID` int(11) NOT NULL,
  `FirstName` varchar(30) NOT NULL,
  `LastName` varchar(30) NOT NULL,
  `Email` varchar(50) NOT NULL,
  `Password` varchar(255) NOT NULL
) ENGINE=InnoDB DEFAULT CHARSET=utf8;

--
-- Dumping data for table `users`
--

INSERT INTO `users` (`ID`, `FirstName`, `LastName`, `Email`, `Password`) VALUES
(8, 'Maja', 'Miljevic', 'mmiljevic@mail.com', '$2y$10$Mss8IiKXlJ/MX/Ig3Y.ige0uv7DfmS3dsJDSSr6WDTtIlvQDT.yLS'),
(10, 'test', 'user', 'testuser@mail.com', '$2y$10$hJy.wy4NV1BP0/0gXnGSm.76yDYbiClgGhH7cw75kCqP.OpLo7/9u'),
(11, 'iva', 'ivic', 'iva@mail.com', '$2y$10$vDfjAD6fABZuWPbyLaUffuD417t9Nw6/8h8g0YvMXpS7JQ2hQkUD.');

--
-- Indexes for dumped tables
--

--
-- Indexes for table `categories`
--
ALTER TABLE `categories`
  ADD PRIMARY KEY (`ID`);

--
-- Indexes for table `records`
--
ALTER TABLE `records`
  ADD PRIMARY KEY (`ExpenseID`);

--
-- Indexes for table `users`
--
ALTER TABLE `users`
  ADD PRIMARY KEY (`ID`);

--
-- AUTO_INCREMENT for dumped tables
--

--
-- AUTO_INCREMENT for table `categories`
--
ALTER TABLE `categories`
  MODIFY `ID` int(11) NOT NULL AUTO_INCREMENT, AUTO_INCREMENT=60;
--
-- AUTO_INCREMENT for table `records`
--
ALTER TABLE `records`
  MODIFY `ExpenseID` int(11) NOT NULL AUTO_INCREMENT, AUTO_INCREMENT=252;
--
-- AUTO_INCREMENT for table `users`
--
ALTER TABLE `users`
  MODIFY `ID` int(11) NOT NULL AUTO_INCREMENT, AUTO_INCREMENT=12;
/*!40101 SET CHARACTER_SET_CLIENT=@OLD_CHARACTER_SET_CLIENT */;
/*!40101 SET CHARACTER_SET_RESULTS=@OLD_CHARACTER_SET_RESULTS */;
/*!40101 SET COLLATION_CONNECTION=@OLD_COLLATION_CONNECTION */;
